onset,reaches_ip,behind_limb,freq_start_kHz,freq_end_kHz,flare_loc,flare_importance,cme_speed_kms
2010-08-01 09:20:00,1,0,2000,700,N20E36,C3.2,
2010-08-07 18:35:00,1,0,14000,700,N11E34,M1.0,871.0
2010-08-18 06:05:00,1,0,13000,700,N18W88,C4.5,1471.0
2011-01-13 09:15:00,0,0,16000,3500,N25E114,----,664.0
2011-01-27 12:20:00,0,0,16000,8000,N12W87,C1.2,349.0
2011-02-13 17:50:00,0,0,16000,8000,S20E04,M6.6,373.0
2011-02-15 02:10:00,1,0,16000,400,S20W12,X2.2,669.0
2011-02-24 12:50:00,1,0,1000,700,N15E87,M3.5,1186.0
2011-03-07 14:30:00,0,0,16000,7000,N10E18,M1.9,698.0
2011-03-07 20:00:00,1,0,16000,200,N31W53,M3.7,2125.0
2011-05-09 21:00:00,1,0,16000,900,N16E88,C5.4,1318.0
2011-05-29 21:10:00,1,0,16000,90,S19E72,C8.7,1407.0
2011-06-02 08:00:00,0,0,15000,4000,S19E25,C3.7,976.0
2011-06-04 07:00:00,1,0,16000,300,N16W144,----,1407.0
2011-06-04 22:00:00,1,0,16000,25,N16W153,----,2425.0
2011-06-07 06:45:00,1,0,16000,250,S21W54,M2.5,1255.0
2011-06-21 03:07:00,0,0,10000,7000,N16W08,C7.7,719.0
2011-08-02 06:15:00,0,0,16000,3000,N14W15,M1.4,712.0
2011-08-04 04:15:00,1,0,13000,60,N19W36,M9.3,1315.0
2011-08-08 18:10:00,1,0,6000,400,N16W61,M3.5,1343.0
2011-08-09 08:20:00,0,0,16000,4000,N17W69,X6.9,1610.0
2011-09-06 02:00:00,1,0,14000,200,N14W07,M5.3,782.0
2011-09-06 22:30:00,1,0,16000,150,N14W18,X2.1,575.0
2011-09-22 11:05:00,1,0,14000,70,N09E89,X1.4,1905.0
2011-09-24 12:50:00,1,0,16000,300,N10E56,M7.1,1915.0
2011-09-25 05:30:00,0,0,16000,8000,N11E47,M7.4,788.0
2011-10-21 13:15:00,0,0,16000,6500,N05W79,M1.3,317.0
2011-11-09 13:30:00,1,0,16000,400,N24E35,M1.1,907.0
2011-11-17 20:44:00,0,0,12000,4000,N18E120,----,1041.0
2011-11-26 07:15:00,1,0,10000,50,N17W49,C1.2,933.0
2011-12-21 03:00:00,1,0,16000,400,S22E151,----,1064.0
2011-12-25 18:45:00,0,0,14000,7000,S22W26,M4.0,366.0
2012-01-02 15:00:00,0,0,16000,4000,N08W104,----,1138.0
2012-01-19 15:00:00,1,0,16000,100,N32E22,M3.2,1120.0
2012-01-23 04:00:00,1,0,16000,40,N28W21,M8.7,2175.0
2012-01-27 18:30:00,1,0,16000,150,N27W71,X1.7,2508.0
2012-03-05 04:00:00,1,0,16000,400,N17E52,X1.1,1531.0
2012-03-07 01:00:00,1,0,16000,30,N17E27,X5.4,2684.0
2012-03-09 04:10:00,0,0,14000,1000,N15W03,M6.3,950.0
2012-03-10 17:55:00,1,0,14000,30,N17W24,M8.4,1296.0
2012-03-13 17:35:00,1,0,16000,200,N17W66,M7.9,1884.0
2012-03-18 00:20:00,1,0,16000,200,N18W116,----,1210.0
2012-03-24 00:40:00,1,0,16000,300,N18E164,----,1152.0
2012-03-26 23:15:00,0,0,16000,1500,N17E124,----,1390.0
2012-03-27 21:45:00,0,0,4000,1500,S24W100,----,622.0
2012-04-09 12:20:00,0,0,16000,5000,N20W65,C3.9,921.0
2012-04-15 02:30:00,0,0,16000,4000,N10E90,C1.7,1220.0
2012-05-17 01:40:00,1,0,16000,300,N11W76,M5.1,1582.0
2012-05-26 20:50:00,1,0,16000,280,N15W121,----,1966.0
2012-07-04 17:00:00,0,0,14000,8000,N14W34,M1.8,662.0
2012-07-05 22:40:00,1,0,3000,800,S12W46,M1.6,980.0
2012-07-06 23:10:00,1,0,16000,300,S13W59,X1.1,1828.0
2012-07-08 16:35:00,1,0,16000,300,S17W74,M6.9,1495.0
2012-07-12 16:45:00,1,0,14000,250,S15W01,X1.4,885.0
2012-07-17 14:40:00,1,0,12000,150,S28W65,C9.9,958.0
2012-07-19 05:30:00,1,0,5000,600,S13W88,M7.7,1631.0
2012-07-23 02:30:00,1,0,16000,20,S17W132,----,2003.0
2012-08-31 20:00:00,1,0,16000,400,S25E59,C8.1,1442.0
2012-09-27 23:55:00,1,0,16000,250,N06W34,C3.7,947.0
2012-10-22 01:50:00,1,0,1000,200,S10E76,M1.3,496.0
2013-01-16 22:00:00,1,0,1000,200,S33W64,C2.2,648.0
2013-03-15 07:00:00,1,0,14000,100,N11E12,M1.1,1063.0
2013-04-11 07:10:00,1,0,10000,200,N09E12,M6.5,861.0
2013-04-18 18:00:00,0,0,16000,4000,N11W83,C6.5,495.0
2013-04-21 20:25:00,0,0,14000,1700,S19W53,C2.7,562.0
2013-05-13 02:20:00,0,0,16000,2000,N11E90,X1.7,1270.0
2013-05-13 16:15:00,1,0,16000,300,N11E85,X2.8,1850.0
2013-05-14 01:16:00,1,0,16000,240,N08E77,X3.2,2625.0
2013-05-15 01:49:00,1,0,16000,230,N12E64,X1.2,1366.0
2013-05-22 13:10:00,1,0,16000,150,N15W70,M5.0,1466.0
2013-06-21 03:35:00,0,0,14000,2000,S16E73,M2.9,1900.0
2013-06-28 01:53:00,1,0,14000,400,S18W19,C4.4,1037.0
2013-07-04 20:57:00,0,0,11000,2900,S14E62,C6.8,468.0
2013-08-06 02:01:00,0,0,14000,11000,N27E25,B4.5,441.0
2013-08-17 20:25:00,1,0,1800,150,S05W30,M1.4,1202.0
2013-08-30 02:34:00,1,0,14000,50,N15E46,C8.3,949.0
2013-09-06 22:29:00,0,0,5000,2000,N10E104,----,734.0
2013-09-29 21:53:00,1,0,14000,60,N17W29,C1.3,1179.0
2013-10-02 20:46:00,0,0,10000,5200,N20W85,C1.2,619.0
2013-10-05 07:00:00,1,0,16000,200,S22E118,----,964.0
2013-10-11 07:23:00,1,0,14000,100,N21E103,----,1200.0
2013-10-13 18:47:00,1,0,2100,600,S34W29,----,293.0
2013-10-22 21:33:00,1,0,14000,650,N04W01,M4.2,459.0
2013-10-25 15:08:00,1,0,16000,200,S06E69,X2.1,1081.0
2013-10-26 03:01:00,1,0,14000,200,N09W44,C4.5,473.0
2013-10-26 09:34:00,0,0,14000,5000,N08W49,M1.3,460.0
2013-10-27 18:12:00,0,0,14000,1700,N06W70,C9.1,795.0
2013-10-28 04:41:00,1,0,14000,200,N08W71,M5.1,1201.0
2013-10-28 15:24:00,0,0,14000,9000,S06E28,M4.4,812.0
2013-11-04 05:10:00,1,0,16000,450,N03W165,----,1040.0
2013-11-07 10:26:00,1,0,16000,100,N02E151,----,1405.0
2013-11-19 10:39:00,1,0,14000,100,S14W70,X1.0,740.0
2013-11-29 22:18:00,1,0,1800,100,N06W183,----,465.0
2013-12-05 12:45:00,0,0,4200,1600,S20E119,----,549.0
2013-12-05 20:48:00,0,0,14000,2500,------,----,
2013-12-07 07:43:00,0,0,14000,3000,S16W49,M1.2,1085.0
2013-12-12 03:55:00,1,0,12000,70,S23W46,C4.6,1002.0
2013-12-20 08:23:00,1,0,1500,400,S19W93,----,337.0
2013-12-28 17:31:00,1,0,16000,500,S15W125,----,1118.0
2014-01-04 17:41:00,1,0,9000,100,------,----,
2014-01-04 19:03:00,1,0,6500,100,------,----,
2014-01-06 07:57:00,1,0,14000,80,S15W112,----,1402.0
2014-01-07 18:27:00,1,0,14000,60,S15W11,X1.2,1830.0
2014-01-20 22:24:00,0,0,14000,8000,S07E67,C3.6,721.0
2014-02-18 02:16:00,1,0,2000,900,S24W43,----,779.0
2014-02-20 08:05:00,0,0,12000,7700,S15W73,M3.0,948.0
2014-02-25 00:56:00,1,0,14000,100,S12E82,X4.9,2147.0
2014-03-04 18:24:00,0,0,16000,2000,N13W170,----,794.0
2014-03-05 13:33:00,1,0,16000,500,N14E180,----,828.0
2014-03-25 07:52:00,1,0,1700,400,S23W130,----,651.0
2014-03-29 00:12:00,0,0,14000,2200,N11W23,M2.6,514.0
2014-03-29 17:59:00,1,0,14000,200,S08W152,----,528.0
2014-04-02 13:42:00,1,0,14000,60,N11E53,M6.5,1471.0
2014-04-02 18:49:00,1,0,2400,200,N09E60,C5.3,
2014-04-04 14:02:00,0,0,14000,11000,N13E26,C8.3,467.0
2014-04-18 13:05:00,1,0,14000,150,S20W34,M7.3,1203.0
2014-05-07 16:24:00,1,0,16000,200,S11W100,----,923.0
2014-05-08 03:21:00,0,0,16000,1100,S09W108,----,847.0
2014-05-09 02:40:00,1,0,14000,500,S11W122,----,1099.0
2014-05-10 04:32:00,1,0,16000,400,S11W136,----,1086.0
2014-06-10 12:58:00,0,0,16000,1000,S17E82,X1.5,1469.0
2014-06-12 22:14:00,0,0,14000,6000,S20W55,M3.1,684.0
2014-07-30 07:44:00,0,0,6300,4500,N10E30,C1.5,700.0
2014-08-01 18:58:00,1,0,1000,150,S10E11,M1.5,789.0
2014-08-22 10:37:00,0,0,14000,6000,N12E01,C2.2,600.0
2014-08-25 15:20:00,0,0,14000,4000,N05W36,M2.0,555.0
2014-08-25 20:43:00,0,0,14000,7200,N07W43,M3.9,711.0
2014-08-28 17:05:00,1,0,16000,600,S19E162,----,766.0
2014-09-01 11:12:00,1,0,16000,150,N14E127,----,1901.0
2014-09-09 00:05:00,1,0,11000,100,N12E29,M4.5,920.0
2014-09-10 17:45:00,1,0,14000,100,N14E02,X1.6,1267.0
2014-09-20 05:10:00,0,0,14000,9700,S11W89,----,426.0
2014-09-22 06:13:00,0,0,16000,4900,N14W142,----,618.0
2014-09-23 23:41:00,0,0,14000,12000,S13E33,M2.3,331.0
2014-09-24 20:54:00,1,0,16000,500,N13E179,----,1350.0
2014-10-02 21:34:00,0,0,3300,1900,S17W82,M7.3,513.0
2014-10-10 18:11:00,0,0,2500,1500,S20W51,C3.0,782.0
2014-10-21 12:33:00,0,0,14000,8900,S18E36,C4.4,260.0
2014-11-08 16:57:00,0,1,14000,7800,W90b,----,426.0
2014-12-13 14:27:00,0,0,14000,3900,S20W143,----,2222.0
2014-12-17 04:09:00,0,0,2900,2100,S11E33,M1.1,869.0
2014-12-17 05:00:00,0,0,14000,11500,S20E09,M8.7,587.0
2014-12-18 22:31:00,0,0,5100,1300,S11E15,M6.9,1195.0
2014-12-21 12:05:00,0,0,14000,7400,S14W25,M1.0,669.0
2015-03-03 02:33:00,0,1,8100,3600,W90b,M8.2,764.0
2015-03-06 08:00:00,1,0,4700,200,S20E87,M1.5,880.0
2015-03-10 00:10:00,0,0,14000,6200,S18E45,M5.8,995.0
2015-03-11 10:30:00,1,0,1000,250,S15E23,M2.6,530.0
2015-03-24 09:00:00,1,1,14000,400,SW90b,----,1794.0
2015-04-26 03:21:00,0,1,8000,4600,W90b,----,820.0
2015-05-05 22:24:00,1,0,14000,500,N15E79,X2.7,715.0
2015-05-12 03:00:00,0,0,14000,6400,S12W92,C2.6,772.0
2015-06-09 20:23:00,1,0,2300,200,S03E25,C2.8,1036.0
2015-06-14 05:26:00,0,0,3000,1250,S12W34,C5.9,1228.0
2015-06-18 17:42:00,1,0,3700,500,N15E50,M3.0,1305.0
2015-06-21 02:33:00,1,0,5500,150,N12E16,M2.0,1366.0
2015-06-22 18:20:00,1,0,14000,300,N12W08,M6.5,1209.0
2015-06-25 08:35:00,1,0,14000,150,N09W42,M7.9,1627.0
2015-07-01 16:08:00,1,1,1000,150,W90b,----,1435.0
2015-08-22 07:07:00,0,0,14000,7300,S15E13,M1.2,547.0
2015-09-18 04:54:00,1,0,14000,400,S21W10,C2.6,823.0
2015-09-20 18:23:00,1,0,14000,300,S20W24,M2.1,1239.0
2015-11-04 14:07:00,1,0,14000,440,N09W04,M3.7,578.0
2015-11-09 13:21:00,0,0,14000,9000,S11E41,M3.9,1041.0
2015-12-16 08:45:00,0,0,5300,3800,S13W04,C6.6,579.0
2015-12-23 01:18:00,0,0,12000,6700,S22E63,M4.7,520.0
2015-12-28 11:50:00,1,0,14000,180,S23W11,M1.8,1212.0
2016-01-02 00:55:00,1,0,1100,300,S25W82,M2.3,1730.0
2016-02-05 22:35:00,1,0,5200,500,S17W29,----,445.0
2016-05-04 14:20:00,0,0,14000,10500,N06W61,C1.3,390.0
2016-08-15 18:21:00,0,0,11000,3400,N25E97,----,633.0
2017-04-23 06:00:00,0,0,15000,8300,N16E41,----,955.0
2017-07-14 01:18:00,1,0,14000,70,S06W29,M2.4,1200.0
2017-07-23 05:27:00,1,0,4400,900,S09W151,----,1848.0
2017-09-04 20:27:00,1,0,14000,210,S10W12,M5.5,1418.0
2017-09-06 12:05:00,1,0,16000,70,S08W33,X9.3,1571.0
2017-09-10 16:02:00,1,0,16000,150,S09W92,X8.2,3163.0
2017-09-12 07:38:00,0,0,16000,13000,N08E48,C3.0,252.0
2017-09-17 11:45:00,1,0,16000,900,S08E170,----,1385.0
2017-10-18 05:48:00,1,0,16000,400,S06E123,----,1001.0
2019-05-03 23:52:00,0,0,13000,2300,N12E82,C1.0,692.0
2020-11-29 13:07:00,1,0,14000,850,S23E89,M4.4,2077.0
2020-12-07 16:18:00,1,0,14000,160,S25W08,C7.4,1407.0
2021-04-17 16:56:00,0,0,10000,8700,S18E113,----,763.0
2021-04-19 23:49:00,0,0,14000,2300,S24E25,M1.1,427.0
2021-05-07 19:16:00,0,0,9500,7500,N17E78,M3.9,754.0
2021-05-28 23:09:00,1,0,14000,120,N21W63,C9.4,971.0
2021-07-13 18:39:00,0,1,2100,1100,E90b,----,1101.0
2021-07-15 22:04:00,0,1,5100,1600,E90b,----,1476.0
2021-07-24 00:31:00,0,0,14000,7000,S16E52,C6.4,587.0
2021-08-26 18:39:00,0,0,14000,1250,N20E14,C3.0,644.0
2021-09-08 00:21:00,0,0,14000,11500,N22W39,C2.3,592.0
2021-09-28 06:37:00,0,0,14000,6500,S26W43,C1.6,524.0
2021-10-09 06:51:00,0,0,14000,4100,N17E09,M1.6,712.0
2021-10-28 15:37:00,1,0,12000,500,S28W01,X1.0,1519.0
2021-11-01 01:45:00,0,0,14000,6700,S29W45,M1.5,753.0
2021-11-02 02:36:00,1,0,14000,340,N19E04,M1.7,1473.0
2021-11-09 17:04:00,0,0,14000,4000,N20W99,M2.0,1350.0
2022-01-12 04:39:00,0,0,14000,3700,N36E115,----,1586.0
2022-01-18 17:57:00,0,0,14000,7000,N09W54,M1.5,1014.0
2022-01-20 06:02:00,0,0,14000,2200,N08W68,M5.5,1431.0
2022-01-29 23:31:00,0,0,9000,6100,N18E06,M1.1,530.0
2022-02-06 13:15:00,0,0,14000,11000,S20W07,C3.1,334.0
2022-02-12 09:08:00,0,0,14000,9500,S19W84,M1.4,280.0
2022-02-13 02:32:00,0,1,14000,11000,W90b,----,332.0
2022-02-15 22:22:00,1,1,14000,500,NE90b,----,1905.0
2022-03-12 03:13:00,1,0,1800,750,S28W63,M2.2,506.0
2022-03-25 05:35:00,0,0,14000,5000,S18E37,M1.4,495.0
2022-03-31 19:27:00,0,0,14000,1800,N12W47,M9.6,489.0
2022-04-02 13:33:00,1,0,14000,700,N12W68,M3.9,1433.0
2022-04-11 05:31:00,0,0,14000,4300,S14E06,C1.6,940.0
2022-04-15 13:20:00,0,0,9000,1250,N13E107,M2.2,796.0
2022-04-21 02:20:00,0,0,14000,12000,N22E23,M9.6,357.0
2022-04-27 15:54:00,1,0,2700,400,N26W16,C7.6,807.0
2022-04-29 07:36:00,1,0,2000,450,N25W37,M1.2,1292.0
2022-04-30 13:58:00,0,1,14000,11500,W90b,X1.1,498.0
2022-05-08 22:50:00,0,0,2700,1200,S25E88,C2.1,602.0
2022-05-11 18:35:00,0,0,8900,3300,S24E41,M1.6,534.0
2022-05-11 18:47:00,0,1,14000,7700,W90b,M2.6,1100.0
2022-05-28 16:08:00,0,1,14000,12500,SE90b,----,568.0
2022-06-13 03:31:00,0,0,14000,1800,N26E53,M3.4,1150.0
2022-07-05 04:23:00,0,0,14000,10500,S20W18,C9.8,747.0
2022-07-08 20:30:00,0,0,9000,1400,N20E40,M2.5,1223.0
2022-07-09 13:57:00,0,0,14000,4400,S22W84,C8.5,1034.0
2022-07-21 01:32:00,0,0,14000,1000,N13W02,C5.6,875.0
2022-08-18 11:21:00,0,0,14000,8000,S27W37,M1.5,1327.0
2022-08-26 14:08:00,0,0,12000,1800,S27W58,M3.6,737.0
2022-08-27 03:37:00,1,0,1600,140,S19W58,M4.8,1284.0
2022-09-29 12:15:00,0,0,14000,3100,N24E111,C5.7,416.0
2022-10-02 06:40:00,0,1,1500,1300,NW90b,----,239.0
2022-10-02 20:27:00,0,0,14000,1000,N18W50,X1.0,1086.0
2022-10-04 13:26:00,0,0,14000,5800,N17W66,M1.6,1089.0
2023-01-03 06:35:00,0,1,14000,11000,E90b,C3.2,1129.0
2023-01-12 23:21:00,0,1,11000,4000,W90b,----,1075.0
2023-01-19 22:06:00,0,1,14000,2000,NW90b,----,1073.0
2023-02-11 12:00:00,1,0,5500,190,N34E24,----,1498.0
2023-02-17 20:30:00,1,0,10000,180,N25E64,X2.2,1315.0
2023-02-21 20:23:00,0,1,8200,2700,NE90b,----,413.0
2023-02-24 20:41:00,0,0,14000,1300,N28W28,M3.7,1336.0
2023-03-03 18:14:00,0,0,14000,1100,N22W80,X2.1,709.0
2023-03-13 03:41:00,1,1,11900,200,E90b,----,1699.0
2023-03-13 10:36:00,0,0,4000,1200,N27E07,C3.1,1015.0
2023-03-20 15:00:00,0,0,14000,1700,N32E26,C4.4,727.0
2023-03-28 00:08:00,0,1,14000,5600,NW90b,----,622.0
2023-04-21 18:06:00,1,0,14000,240,S22W11,M1.7,1284.0
2023-04-27 03:01:00,1,0,8500,900,N15E56,C2.6,817.0
2023-05-03 07:36:00,1,0,2500,800,S19W83,C9.6,330.0
2023-05-04 09:42:00,1,0,5200,400,N17E43,M3.9,810.0
2023-05-05 08:04:00,0,0,14000,1300,N14E32,M2.1,770.0
2023-05-07 22:57:00,1,0,14000,600,N16W06,M1.6,1075.0
2023-05-09 18:51:00,0,0,16000,1250,N13W31,M4.2,1209.0
2023-06-17 10:37:00,0,0,14000,5500,S22E85,----,570.0
2023-06-20 17:54:00,0,0,14000,2000,S17E73,X1.1,1113.0
2023-07-04 04:21:00,0,0,4100,1200,S22E12,----,535.0
2023-07-10 03:53:00,1,0,14000,270,S13W49,M2.4,1160.0
2023-07-11 19:58:00,0,0,14000,2400,S32E07,----,826.0
2023-07-14 19:53:00,0,0,9500,3400,S16E12,C8.8,862.0
2023-07-15 08:59:00,0,0,6000,2100,N21W122,C4.6,983.0
2023-07-15 20:11:00,0,0,14000,1400,N21W130,----,1815.0
2023-07-16 05:43:00,0,0,2300,1100,N21W132,----,1970.0
2023-07-16 13:48:00,0,0,6000,1800,N21W140,----,1829.0
2023-07-16 14:10:00,0,0,13000,1600,N21W140,----,1829.0
2023-07-17 23:44:00,1,0,14000,160,S26W78,M5.7,1385.0
2023-07-28 15:57:00,0,0,14000,6300,N23W105,M4.1,1896.0
2023-08-01 20:26:00,0,0,2500,1050,N17E58,C5.2,470.0
2023-08-02 08:22:00,0,0,14000,5700,N08W27,C9.3,572.0
2023-08-05 07:02:00,0,0,16000,2200,N10W63,M1.6,1000.0
2023-08-05 22:27:00,1,0,4000,500,N11W77,X1.6,1647.0
2023-08-06 20:03:00,0,0,4200,2300,N07W86,M5.5,1182.0
2023-08-07 21:02:00,0,0,6800,1850,N14W103,X1.5,1851.0
2023-08-10 02:51:00,0,0,16000,7000,S21W78,C5.5,674.0
2023-08-18 19:41:00,0,0,14000,9000,N19W43,C3.7,456.0
2023-08-20 07:01:00,0,0,3100,2500,N21W60,C3.7,380.0
2023-08-30 23:25:00,0,0,3500,1150,N26W11,----,422.0
2023-08-31 04:30:00,0,0,3500,1350,N18W48,----,750.0
2023-09-03 09:20:00,0,0,16000,4000,N15W95,M6.0,1349.0
2023-09-05 20:29:00,1,0,12000,600,N09W134,----,969.0
2023-09-08 11:34:00,0,0,16000,8100,N11W163,----,1001.0
2023-09-19 09:53:00,0,0,16000,9100,N07E51,M1.8,418.0
2023-09-19 20:26:00,0,0,16000,7200,N08E45,M4.0,483.0
2023-09-19 22:47:00,0,0,16000,11100,N08E41,C9.7,383.0
2023-09-21 13:52:00,0,0,2500,1800,N08E22,M8.7,593.0
2023-10-17 05:32:00,0,0,14000,2000,S20W32,C2.2,610.0
2023-10-26 23:20:00,0,0,14000,6000,N20E86,M1.4,1238.0
2023-11-28 19:42:00,0,0,14000,1000,S16W00,M9.8,741.0
2023-12-14 17:36:00,1,0,14000,330,N08W53,X2.8,948.0
2023-12-31 21:57:00,1,0,16000,330,N04E73,X5.0,2852.0
2024-01-10 19:21:00,0,0,12500,6000,N10W50,C6.5,736.0
2024-01-14 12:00:00,0,0,14000,6000,N01W89,C9.6,883.0
2024-01-20 09:13:00,0,0,14000,5000,S16E17,C3.5,850.0
2024-01-29 04:27:00,0,0,14000,4000,N25W70,M6.8,1554.0
2024-02-06 12:43:00,1,1,3800,650,N90b,----,980.0
2024-02-07 03:31:00,0,0,14000,8500,S40W78,M5.1,1452.0
2024-02-09 13:17:00,1,0,14000,600,S37W111,X3.3,2782.0
2024-02-10 03:52:00,0,0,14000,1200,S15E83,M3.4,1418.0
2024-02-10 07:04:00,0,0,14000,4000,S16E03,C8.1,805.0
2024-02-10 23:17:00,0,0,14000,7500,S10W12,M9.0,817.0
2024-02-12 06:38:00,1,0,14000,250,S36W135,----,2792.0
2024-02-14 04:16:00,1,1,14000,950,SW90b,----,2191.0
2024-02-15 09:37:00,0,1,14000,2700,S90b,----,1751.0
2024-02-16 07:07:00,0,0,14000,12000,S19W86,X2.5,615.0
2024-02-17 14:05:00,0,1,14000,8000,SE90b,----,1234.0
2024-02-17 14:43:00,1,1,6500,450,SE90b,----,1744.0
2024-02-20 00:08:00,0,1,14000,4500,SW90b,----,781.0
2024-03-08 03:50:00,0,1,14000,3800,NW90b,----,514.0
2024-03-21 18:47:00,0,0,14000,4500,N31E28,C5.8,670.0
2024-03-23 01:26:00,1,0,14000,80,N27E08,X1.1,1470.0
2024-04-21 21:56:00,0,0,14000,4000,S17W37,M3.4,708.0
2024-04-23 18:00:00,0,0,16000,5600,S08W59,M2.9,596.0
2024-05-03 02:25:00,0,0,5000,2500,N25E07,X1.1,808.0
2024-05-08 05:21:00,0,0,12000,9300,S22W11,X1.0,530.0
2024-05-08 12:11:00,0,0,3700,2500,S20W17,M8.7,677.0
2024-05-08 21:44:00,0,0,11000,1300,S20W17,X1.1,952.0
2024-05-09 09:20:00,0,0,14000,1700,S20W26,X2.2,1280.0
2024-05-09 11:59:00,0,0,7000,2200,S16W40,M3.1,561.0
2024-05-09 18:02:00,1,0,2400,650,S14W28,X1.1,1024.0
2024-05-10 06:55:00,0,0,4300,1800,S17W34,X3.9,953.0
2024-05-11 01:33:00,1,0,16000,210,S15W45,X5.8,1614.0
2024-05-13 09:32:00,1,0,8500,640,S20W81,M6.6,1690.0
2024-05-14 02:12:00,1,0,3400,230,S19W88,X1.7,805.0
2024-05-14 12:56:00,0,0,3500,2100,S17W92,X1.2,749.0
2024-05-14 17:00:00,1,0,7800,230,S18W96,X8.7,2010.0
2024-05-14 18:07:00,0,0,10000,2800,N17E72,M4.5,1407.0
2024-05-15 08:33:00,0,0,12000,3800,S18W98,X3.5,1648.0
2024-05-15 10:37:00,0,0,14000,1800,N36E34,----,556.0
2024-05-15 11:43:00,0,1,11000,3800,SW90b,M3.6,993.0
2024-05-17 22:05:00,0,0,14000,4500,S10E67,M7.3,1098.0
2024-05-20 05:38:00,0,0,10500,1300,S18W171,----,1459.0
2024-05-27 07:24:00,0,1,14000,7400,SE90b,X2.8,1292.0
2024-06-01 20:26:00,0,0,5000,1500,S19E18,M7.3,946.0
2024-06-08 01:43:00,1,0,16000,600,S18W53,M3.3,1427.0
2024-06-21 23:49:00,0,1,16000,1800,E90b,----,1388.0
2024-07-04 14:36:00,0,0,16000,5200,S20W73,M1.0,305.0
2024-07-16 13:44:00,0,0,16000,1400,S06W85,X1.9,580.0
2024-07-16 22:36:00,0,0,13000,4000,N18W10,M9.1,402.0
2024-07-21 16:31:00,1,0,2400,340,N17E21,M1.0,601.0
2024-07-23 14:18:00,0,0,16000,4700,S10E77,M2.4,1031.0
2024-07-26 21:08:00,0,0,3000,2500,S20W07,EP,540.0
2024-07-27 05:53:00,0,1,4800,3000,N90b,----,1426.0
2024-07-28 10:51:00,1,0,4900,650,S11W40,M7.7,918.0
2024-07-28 22:22:00,0,0,1500,1000,S15W25,M1.7,612.0
2024-07-29 18:10:00,1,0,1400,400,S11W56,M1.6,956.0
2024-08-01 12:15:00,1,0,2100,800,S16W80,M4.1,1803.0
2024-08-02 10:55:00,1,0,1050,500,S14W90,M7.3,1141.0
2024-08-04 15:45:00,0,0,16000,2800,S09E69,M2.2,701.0
2024-08-05 06:10:00,0,0,16000,1500,S11E62,M6.1,973.0
2024-08-05 15:51:00,0,0,14000,12500,S08E55,X1.1,502.0
2024-08-07 14:05:00,0,0,16000,5000,S11E09,M5.4,658.0
2024-08-08 20:13:00,0,0,14000,8000,S03W23,X1.3,789.0
2024-08-09 21:25:00,0,0,14000,2100,S04W40,M4.5,638.0
2024-08-14 18:15:00,1,0,1400,550,N12E05,X1.1,570.0
2024-09-01 13:14:00,0,0,12000,4000,S21E86,M5.5,1381.0
2024-09-09 03:20:00,1,0,2000,230,S08W94,M1.0,836.0
2024-09-09 05:30:00,0,1,16000,5500,E90b,----,1522.0
2024-09-14 15:34:00,1,0,16000,170,S15E56,X4.5,2366.0
2024-09-22 21:37:00,1,0,12000,200,S20E63,M3.7,1256.0
2024-10-03 12:21:00,1,0,16000,470,S15W03,X9.0,821.0
2024-10-07 20:11:00,0,0,14000,2900,S19W63,X2.1,967.0
2024-10-09 01:54:00,1,0,16000,130,N13W08,X1.2,1435.0
2024-10-24 03:50:00,1,0,14000,340,S05E86,X3.3,2385.0
2024-10-26 06:43:00,1,0,16000,650,S11E56,M9.5,1914.0
2024-11-04 01:31:00,0,0,14000,4800,S06E41,M3.8,960.0
2024-11-10 12:33:00,0,0,16000,5800,S08E26,M9.4,378.0
2024-11-21 18:23:00,1,0,16000,120,S08W133,----,1436.0
2024-12-15 14:47:00,0,1,1700,1200,SE90b,----,899.0
2024-12-17 16:07:00,1,1,16000,570,S90b,----,1786.0
2024-12-21 20:06:00,0,1,6000,1500,E90b,----,607.0
2024-12-29 17:52:00,0,0,8300,4800,S18E19,M3.3,453.0
